528	527	547	516	519	514	506	524	518	507	555	521	552	537	553	549	540	512	529	501	524	497	506	528	525	491	552	543	531	571	538	529	499	524	546	514	511	560	528	558	546	582	558	508	493	516	521	569	558	532	528	544	521	486	494	528	547	549	596	509	574	520	536	536	571	534	553	498	507	490	462	542	522	540	542	528	537	543	535	532	535	530	544	553	533	544	501	547	516	506	515	502	551	515	524	484	504	493	547	513	549	512	500	504	545	545	564	570	555	596	524	533	543	538	559	574	528	545	544	551
516	543	572	546	527	561	515	555	535	506	482	483	515	499	559	508	536	519	517	530	524	547	516	552	528	506	531	567	507	579	552	518	532	541	559	565	527	565	539	523	531	467	523	541	554	535	549	521	533	532	535	546	557	571	527	536	538	538	519	520	538	523	546	517	530	527	530	512	523	520	561	532	541	544	546	566	548	529	535	532	523	521	526	499	509	561	527	507	518	521	517	554	472	565	545	513	541	533	559	556	536	542	519	526	539	527	509	526	515	498	512	490	545	511	533	527	534	505	555	493
510	496	559	525	561	551	525	549	520	495	481	551	485	488	496	484	507	552	538	495	485	509	500	498	584	543	557	551	525	521	501	520	539	544	560	545	528	496	507	527	496	536	539	546	540	528	494	554	559	509	530	536	535	583	540	534	528	519	534	540	540	510	495	548	471	528	522	510	566	548	541	529	505	537	541	544	543	580	570	525	532	530	484	564	523	494	522	533	526	548	552	494	547	540	539	547	562	551	544	513	517	505	516	529	530	534	509	539	534	489	529	531	500	580	510	517	512	549	512	546
562	541	553	502	476	538	506	496	513	562	583	509	556	567	538	551	558	515	517	535	538	566	521	555	551	528	512	524	496	518	519	548	587	537	542	553	479	566	489	528	561	508	531	523	500	518	484	501	511	545	511	520	525	509	533	510	570	573	549	538	510	523	532	529	531	534	522	529	485	569	525	516	551	482	546	548	543	545	508	541	525	496	580	541	511	534	513	497	547	523	521	542	565	504	522	482	538	544	521	541	536	505	571	532	511	528	517	536	541	498	549	498	490	523	540	505	539	509	526	522
514	508	490	539	541	538	544	565	535	552	538	544	515	528	515	513	517	548	555	540	508	521	501	526	540	520	520	517	554	533	549	503	521	548	519	498	530	555	552	546	557	540	530	538	542	527	520	567	559	535	544	524	547	531	512	552	550	523	564	574	546	563	562	544	526	539	576	571	533	584	521	527	519	550	547	507	537	495	530	524	539	540	532	506	519	494	530	509	542	517	539	527	536	536	526	532	521	543	494	532	525	552	555	526	540	528	532	549	542	521	527	540	561	523	567	530	536	497	522	502
501	526	517	538	563	524	524	514	569	560	575	555	566	555	532	552	538	573	540	551	577	520	544	571	580	503	542	534	490	557	512	564	564	528	543	568	496	554	509	532	565	504	537	528	500	542	547	513	518	573	516	517	519	525	515	482	570	518	521	509	542	546	546	514	566	509	527	527	553	544	525	536	564	527	546	540	520	588	543	482	541	492	539	526	537	531	508	519	576	529	526	564	507	547	510	517	577	547	564	548	540	531	541	543	547	555	534	566	502	516	507	512	562	536	504	579	540	530	527	496
505	522	494	557	531	561	533	532	551	530	513	527	523	539	514	531	539	547	556	519	541	538	530	552	508	554	555	557	554	521	524	476	512	538	529	520	531	523	540	527	539	546	546	526	487	548	524	501	527	516	549	483	502	524	493	557	524	511	539	531	529	536	533	537	558	543	531	574	526	538	523	547	530	549	524	534	514	501	537	524	550	545	527	517	524	549	495	543	533	562	552	536	507	525	495	534	531	560	532	542	547	523	503	533	545	522	553	484	561	530	489	519	577	533	562	565	529	557	526	527
573	531	517	521	512	545	546	522	563	533	546	507	574	530	544	540	501	567	524	522	501	553	575	547	524	542	539	558	526	549	538	548	571	586	538	546	566	531	509	523	521	572	525	535	518	511	543	535	541	549	532	503	472	521	595	517	563	546	527	507	547	501	543	534	532	549	528	536	506	553	519	543	535	519	537	535	513	548	545	512	538	566	562	559	546	530	522	518	486	544	534	523	559	530	543	567	515	549	517	520	538	540	502	543	572	532	521	571	493	595	516	596	548	514	509	544	519	577	510	548
492	535	540	541	530	547	564	545	518	549	547	512	544	534	527	518	540	520	506	504	534	499	524	539	527	549	518	563	537	550	564	549	578	579	546	561	520	566	557	518	532	538	526	526	540	546	560	579	557	518	575	528	515	571	498	539	527	564	562	527	568	489	504	517	493	549	570	493	501	503	540	492	546	566	553	540	519	519	534	530	573	549	493	519	507	487	543	474	521	524	529	499	543	522	536	534	507	541	477	543	513	522	562	507	512	513	534	508	485	514	512	555	503	554	519	532	532	467	537	507
501	540	511	510	535	529	534	519	541	531	548	539	540	540	456	528	509	554	568	548	512	597	482	550	538	518	562	536	546	516	492	508	503	539	543	582	543	536	549	490	543	536	525	547	548	567	581	579	498	526	571	543	582	538	551	564	490	558	535	532	525	562	537	517	536	534	539	538	587	532	549	557	514	534	518	581	540	541	535	520	524	539	576	538	514	550	537	507	517	533	547	543	566	529	520	527	541	523	556	565	528	562	543	494	507	520	502	551	551	462	499	522	551	551	559	564	500	546	494	493
