1181	1162	1327	1275	1262	1314	1314	1303	2430	2727	3231	2757	2714	3284	2742	2425	2703	2342	2714	3177	3150	2758	2384	2675	2327	2724	3155	2768	2766	3232	2754	2475	2725	2384	2719	3184	3271	2762	2402	2700	2421	2677	3196	2818	2828	3210	2734	2390	2678	2417	2792	3211	3205	2828	2378	2768	2372	2625	3412	2818	2846	3145	2774	2433	2769	2391	2774	3236	3312	2832	2410	2748	2460	2713	3254	2823	2772	3204	2757	2396	2728	2492	2864	3244	3211	2751	2437	2722	2362	2697	3239	2833	2843	3214	2706	2490	2673	2419	2865	3159	3221	2786	2403	2625	2357	2652	3239	2706	2852	3225	2637	2403	2744	2411	2833	3148	3246	2762	2437	2696
1085	1214	1294	1242	1265	1391	1362	1241	2308	2679	3196	2804	2837	3229	2670	2383	2616	2406	2743	3248	3245	2827	2358	2728	2452	2694	3248	2760	2852	3179	2688	2382	2580	2334	2904	3232	3244	2771	2390	2704	2367	2699	3186	2750	2806	3171	2722	2366	2704	2327	2893	3130	3299	2760	2366	2746	2413	2725	3276	2734	2758	3243	2664	2396	2786	2434	2837	3270	3186	2784	2304	2683	2421	2671	3245	2771	2801	3131	2624	2355	2727	2374	2843	3161	3192	2738	2405	2709	2380	2696	3203	2798	2836	3271	2807	2388	2647	2411	2779	3254	3296	2795	2418	2694	2372	2675	3255	2876	2830	3282	2703	2464	2606	2380	2777	3195	3204	2844	2499	2644
1182	1163	1372	1317	1255	1391	1387	1268	2344	2744	3101	2818	2839	3223	2666	2367	2548	2353	2654	3188	3206	2775	2369	2726	2261	2616	3189	2708	2857	3184	2747	2377	2588	2372	2769	3241	3146	2842	2323	2713	2384	2614	3239	2788	2845	3261	2761	2395	2694	2451	2823	3272	3194	2906	2387	2720	2386	2677	3230	2849	2851	3248	2729	2420	2719	2405	2780	3319	3197	2842	2425	2701	2423	2766	3203	2825	2730	3209	2683	2368	2727	2433	2773	3264	3229	2772	2372	2661	2383	2712	3211	2754	2835	3256	2778	2321	2630	2400	2726	3241	3302	2817	2381	2688	2318	2694	3216	2856	2901	3346	2898	2496	2731	2366	2892	3283	3308	2854	2399	2781
1145	1148	1404	1236	1219	1380	1372	1301	2254	2696	3157	2769	2935	3219	2787	2419	2760	2490	2855	3336	3229	2819	2345	2781	2378	2686	3178	2782	2781	3256	2718	2489	2809	2353	2863	3231	3217	2833	2369	2836	2428	2725	3327	2825	2789	3312	2708	2419	2674	2384	2798	3310	3284	2914	2352	2778	2301	2712	3279	3001	2776	3279	2758	2438	2704	2402	2721	3221	3211	2861	2332	2691	2327	2686	3251	2759	2870	3290	2744	2415	2727	2345	2881	3210	3265	2759	2467	2740	2353	2686	3275	2857	2904	3200	2603	2347	2731	2357	2855	3217	3150	2795	2347	2780	2351	2628	3202	2803	2856	3336	2816	2342	2591	2390	2757	3246	3220	2846	2332	2831
1173	1145	1277	1258	1299	1371	1382	1216	2286	2679	3135	2756	2830	3161	2740	2350	2723	2360	2796	3229	3230	2776	2454	2673	2460	2758	3255	2864	2825	3249	2713	2373	2721	2379	2789	3270	3314	2822	2411	2604	2445	2693	3265	2797	2818	3155	2703	2372	2805	2460	2779	3177	3262	2819	2313	2694	2345	2825	3342	2891	2874	3282	2775	2423	2752	2424	2873	3255	3263	2886	2419	2753	2470	2679	3281	2803	2807	3333	2676	2459	2729	2332	2739	3214	3136	2832	2306	2753	2462	2728	3220	2858	2703	3367	2648	2426	2772	2364	2747	3230	3134	2828	2403	2772	2366	2677	3224	2942	2823	3239	2769	2340	2705	2479	2819	3239	3246	2830	2464	2777
1154	1175	1362	1287	1273	1357	1398	1219	2387	2723	3274	2802	2782	3156	2735	2407	2729	2385	2806	3243	3266	2863	2445	2703	2440	2733	3277	2775	2749	3197	2766	2436	2757	2385	2792	3216	3304	2877	2463	2742	2404	2787	3236	2764	2817	3194	2665	2358	2687	2357	2734	3190	3059	2741	2401	2704	2356	2636	3035	2809	2771	3184	2716	2343	2620	2346	2795	3152	3244	2717	2357	2715	2441	2701	3231	2711	2883	3153	2747	2334	2741	2424	2850	3212	3380	2798	2417	2676	2383	2801	3160	2808	2789	3049	2698	2281	2734	2356	2781	3221	3105	2687	2354	2665	2471	2737	3228	2795	2785	3150	2766	2375	2774	2398	2807	3240	3242	2848	2403	2716
1128	1222	1309	1235	1240	1332	1406	1213	2311	2738	3271	2800	2798	3081	2648	2323	2731	2384	2729	3187	3061	2746	2440	2596	2403	2706	3252	2853	2835	3119	2686	2406	2701	2495	2761	3325	3186	2720	2361	2710	2505	2802	3229	2809	2838	3148	2686	2298	2677	2399	2829	3271	3220	2697	2374	2731	2447	2701	3177	2874	2873	3249	2764	2348	2731	2365	2750	3262	3166	2814	2454	2679	2413	2603	3267	2856	2912	3303	2677	2425	2767	2442	2859	3288	3237	2930	2508	2795	2445	2754	3170	2842	2782	3236	2721	2338	2677	2457	2752	3251	3194	2696	2466	2649	2433	2778	3178	2837	2869	3291	2794	2417	2643	2402	2755	3332	3330	2797	2400	2659
1168	1143	1347	1271	1288	1352	1374	1243	2511	2725	3193	2871	2787	3181	2688	2436	2719	2457	2792	3220	3209	2840	2350	2625	2370	2655	3151	2804	2849	3132	2665	2369	2648	2429	2841	3273	3197	2756	2318	2731	2393	2684	3193	2801	2842	3132	2698	2386	2607	2340	2796	3193	3200	2745	2362	2772	2334	2674	3218	2775	2741	3273	2727	2444	2656	2381	2827	3243	3323	2842	2342	2730	2450	2645	3254	2847	2879	3259	2665	2333	2647	2355	2837	3327	3259	2866	2456	2755	2366	2808	3352	2819	2830	3174	2743	2455	2775	2475	2823	3339	3177	2894	2319	2698	2390	2764	3242	2810	2806	3189	2638	2342	2792	2394	2864	3261	3194	2806	2408	2679
1170	1139	1363	1274	1264	1375	1385	1267	2279	2710	3185	2830	2728	3208	2726	2413	2629	2390	2841	3178	3286	2786	2501	2661	2505	2659	3162	2787	2744	3267	2657	2305	2717	2307	2833	3214	3236	2738	2385	2662	2459	2703	3204	2731	2787	3174	2665	2431	2747	2363	2846	3262	3346	2867	2410	2718	2439	2714	3338	2767	2847	3318	2724	2547	2770	2400	2802	3252	3239	2870	2318	2753	2449	2767	3330	2851	2828	3267	2646	2413	2732	2487	2790	3238	3161	2801	2352	2674	2347	2773	3259	2838	2715	3236	2620	2384	2779	2435	2810	3267	3243	2898	2410	2623	2385	2676	3192	2791	2845	3128	2680	2386	2661	2493	2761	3103	3054	2882	2402	2734
1164	1110	1333	1325	1248	1393	1395	1279	2280	2702	3177	2832	2658	3204	2734	2395	2762	2411	2807	3214	3203	2782	2530	2595	2454	2690	3231	2782	2861	3138	2680	2343	2728	2428	2822	3264	3358	2849	2481	2735	2383	2638	3221	2781	2738	3143	2726	2393	2695	2450	2868	3115	3198	2783	2406	2745	2432	2704	3159	2853	2893	3150	2690	2353	2721	2422	2876	3212	3149	2812	2405	2704	2409	2671	3237	2821	2875	3229	2614	2430	2674	2386	2843	3168	3096	2783	2395	2667	2440	2710	3283	2861	2816	3302	2720	2444	2725	2470	2825	3230	3343	2817	2438	2726	2388	2771	3195	2822	2848	3249	2724	2427	2693	2384	2893	3234	3250	2734	2457	2669
