426	436	662	548	539	615	619	545	1482	1860	2302	1883	1863	2321	1773	1531	1783	1489	1905	2296	2368	1938	1514	1768	1501	1743	2359	1877	1963	2312	1769	1549	1778	1485	1932	2317	2285	1889	1439	1844	1518	1850	2426	1956	1912	2325	1865	1575	1846	1456	1929	2334	2263	1924	1496	1806	1551	1815	2360	1932	1884	2361	1787	1453	1865	1481	1925	2413	2211	1916	1442	1794	1539	1879	2215	1879	1928	2315	1816	1481	1749	1457	1909	2302	2232	1858	1504	1803	1423	1821	2361	1893	1944	2347	1842	1457	1780	1530	1852	2390	2406	1915	1542	1852	1511	1789	2357	1945	1904	2292	1852	1461	1735	1508	1942	2343	2295	1876	1484	1697
423	460	646	534	514	624	713	560	1385	1828	2244	1938	1945	2381	1830	1502	1772	1509	1879	2305	2397	1831	1512	1739	1482	1709	2334	1877	1944	2225	1765	1493	1747	1455	1933	2217	2319	1805	1534	1755	1480	1780	2328	1872	1891	2276	1757	1448	1756	1475	1799	2335	2277	1887	1561	1792	1452	1853	2313	1977	1942	2423	1845	1476	1794	1503	1907	2286	2460	1836	1479	1792	1523	1731	2321	1864	1913	2295	1840	1461	1761	1445	1844	2346	2291	1882	1444	1793	1439	1856	2264	1914	1903	2306	1803	1422	1758	1488	1920	2366	2289	1850	1450	1769	1471	1786	2228	1902	1898	2330	1799	1502	1760	1557	1942	2329	2370	1965	1472	1876
397	470	654	565	510	609	624	493	1471	1870	2301	1905	1867	2330	1799	1481	1757	1564	1813	2295	2283	1894	1549	1725	1527	1802	2282	1859	1855	2296	1829	1539	1792	1507	1887	2322	2322	1943	1424	1819	1456	1757	2249	1926	1946	2358	1786	1475	1768	1457	1884	2292	2290	1883	1470	1759	1479	1687	2347	1887	1825	2290	1766	1443	1823	1444	1868	2303	2226	1934	1464	1739	1471	1786	2287	1947	1872	2361	1782	1487	1824	1450	1895	2352	2258	1920	1525	1714	1449	1719	2271	1917	1915	2253	1803	1391	1712	1448	1921	2245	2285	1888	1497	1732	1467	1736	2199	1851	1879	2288	1735	1513	1778	1490	1943	2286	2268	1949	1423	1840
459	443	619	550	527	580	642	488	1517	1775	2267	1908	1931	2267	1765	1483	1838	1467	1900	2247	2209	1914	1490	1782	1510	1789	2280	1884	1926	2287	1715	1384	1755	1507	1939	2296	2316	1847	1481	1807	1520	1752	2354	1845	1887	2332	1798	1443	1811	1479	1886	2347	2332	1825	1502	1787	1490	1786	2273	1792	1875	2306	1804	1420	1762	1459	1923	2315	2323	1899	1460	1878	1471	1772	2272	1894	1884	2322	1793	1458	1745	1454	1935	2245	2262	1893	1444	1864	1506	1839	2372	1823	1849	2365	1814	1458	1741	1505	1884	2354	2324	1842	1557	1771	1506	1745	2291	1877	1903	2353	1809	1524	1803	1490	1901	2358	2369	1932	1505	1721
437	422	632	482	550	651	611	573	1557	1709	2330	1833	1907	2290	1757	1464	1767	1434	1953	2279	2415	1872	1498	1722	1530	1824	2408	1924	1957	2278	1805	1432	1899	1437	1959	2388	2325	1818	1482	1834	1464	1827	2383	1919	1902	2266	1744	1460	1748	1486	1848	2388	2313	1947	1466	1784	1523	1796	2317	1868	1880	2395	1843	1472	1769	1395	1912	2393	2321	1920	1476	1795	1500	1794	2307	1901	1916	2301	1786	1478	1805	1501	1938	2219	2320	1912	1480	1791	1544	1834	2362	1929	1959	2354	1834	1502	1860	1524	1912	2245	2310	1842	1467	1730	1385	1815	2326	1978	1899	2246	1734	1443	1807	1480	1916	2283	2201	1866	1448	1847
440	426	635	538	533	637	638	532	1451	1782	2366	1856	1924	2374	1785	1488	1776	1560	1828	2302	2359	1938	1518	1785	1437	1796	2317	1934	1893	2368	1862	1453	1770	1447	1903	2300	2313	1881	1386	1781	1468	1708	2360	1902	1984	2349	1806	1482	1819	1480	1828	2388	2365	1957	1458	1793	1435	1794	2359	1903	1884	2254	1750	1450	1768	1513	1903	2299	2222	1865	1482	1765	1435	1768	2267	1806	1938	2308	1732	1441	1822	1452	1896	2273	2332	1888	1435	1731	1439	1837	2414	1849	1908	2312	1794	1502	1847	1491	1995	2336	2354	1896	1536	1809	1520	1860	2398	1966	1902	2277	1786	1474	1736	1521	1904	2316	2412	1946	1448	1809
404	421	633	550	566	655	681	514	1436	1773	2263	1910	1921	2428	1810	1469	1789	1504	1892	2404	2276	1892	1477	1819	1453	1753	2301	1945	1896	2253	1695	1482	1722	1473	1818	2282	2331	1897	1435	1791	1474	1767	2285	1900	1894	2334	1747	1532	1767	1455	1967	2270	2272	1965	1476	1857	1520	1755	2282	1929	1993	2363	1818	1487	1769	1484	1961	2291	2292	1888	1480	1745	1478	1784	2393	1904	1910	2259	1878	1492	1788	1491	1900	2349	2321	1919	1490	1819	1498	1805	2296	1831	1865	2387	1821	1485	1754	1450	1876	2335	2330	1866	1472	1838	1508	1815	2303	1847	1904	2215	1687	1534	1830	1488	1901	2298	2258	1930	1433	1812
396	407	658	532	510	646	650	534	1495	1799	2334	1942	1945	2310	1802	1494	1831	1518	1909	2302	2412	1859	1572	1687	1423	1775	2341	1967	1882	2346	1795	1495	1778	1501	1894	2340	2366	1892	1494	1871	1456	1814	2323	1911	1991	2374	1844	1448	1787	1452	1921	2350	2427	1977	1470	1762	1484	1794	2316	1901	1859	2338	1706	1515	1755	1496	1930	2330	2313	1947	1513	1771	1492	1815	2355	1809	1939	2310	1794	1520	1814	1491	1832	2324	2352	1928	1491	1878	1432	1849	2219	1889	1905	2301	1782	1495	1744	1452	1861	2368	2231	1903	1499	1901	1436	1804	2328	1882	1962	2367	1799	1500	1850	1448	1907	2270	2294	1921	1475	1802
376	423	645	517	539	594	662	480	1487	1800	2338	1855	1944	2265	1864	1518	1757	1488	1974	2206	2330	1930	1451	1745	1519	1803	2330	1883	1937	2436	1830	1512	1816	1483	1915	2340	2273	1959	1435	1823	1477	1803	2311	1874	1870	2287	1743	1490	1829	1472	1884	2335	2231	1891	1418	1796	1456	1895	2251	1941	1879	2268	1798	1493	1751	1479	1856	2312	2328	1830	1531	1740	1455	1786	2307	1916	1942	2305	1816	1439	1784	1489	1833	2287	2277	1873	1518	1773	1449	1743	2300	1972	1876	2288	1792	1511	1760	1579	1903	2238	2327	1907	1496	1770	1490	1797	2310	1932	1864	2317	1744	1517	1826	1536	1938	2391	2290	1866	1439	1784
423	412	636	489	574	593	652	517	1494	1787	2296	1893	1873	2264	1786	1506	1818	1436	1877	2323	2297	1831	1474	1863	1479	1767	2406	1895	1956	2334	1858	1505	1814	1401	1929	2257	2350	1941	1513	1827	1484	1804	2372	1813	1906	2299	1867	1472	1864	1386	1898	2297	2412	1944	1509	1824	1500	1800	2337	1932	1927	2274	1840	1448	1811	1450	1932	2318	2398	1872	1572	1822	1499	1861	2333	1872	1946	2342	1854	1454	1835	1438	1961	2286	2252	1866	1557	1782	1481	1866	2267	1835	2015	2207	1836	1416	1745	1477	1886	2309	2373	1923	1578	1709	1461	1787	2263	1926	1953	2318	1829	1440	1807	1509	1924	2358	2247	1874	1512	1685
